-- MySQL dump 10.13  Distrib 8.0.36, for Win64 (x86_64)
--
-- Host: localhost    Database: appdb
-- ------------------------------------------------------
-- Server version	8.0.36

/*!40101 SET @OLD_CHARACTER_SET_CLIENT=@@CHARACTER_SET_CLIENT */;
/*!40101 SET @OLD_CHARACTER_SET_RESULTS=@@CHARACTER_SET_RESULTS */;
/*!40101 SET @OLD_COLLATION_CONNECTION=@@COLLATION_CONNECTION */;
/*!50503 SET NAMES utf8 */;
/*!40103 SET @OLD_TIME_ZONE=@@TIME_ZONE */;
/*!40103 SET TIME_ZONE='+00:00' */;
/*!40014 SET @OLD_UNIQUE_CHECKS=@@UNIQUE_CHECKS, UNIQUE_CHECKS=0 */;
/*!40014 SET @OLD_FOREIGN_KEY_CHECKS=@@FOREIGN_KEY_CHECKS, FOREIGN_KEY_CHECKS=0 */;
/*!40101 SET @OLD_SQL_MODE=@@SQL_MODE, SQL_MODE='NO_AUTO_VALUE_ON_ZERO' */;
/*!40111 SET @OLD_SQL_NOTES=@@SQL_NOTES, SQL_NOTES=0 */;

--
-- Table structure for table `auth_group`
--

DROP TABLE IF EXISTS `auth_group`;
/*!40101 SET @saved_cs_client     = @@character_set_client */;
/*!50503 SET character_set_client = utf8mb4 */;
CREATE TABLE `auth_group` (
  `id` int NOT NULL AUTO_INCREMENT,
  `name` varchar(150) COLLATE utf8mb4_unicode_ci NOT NULL,
  PRIMARY KEY (`id`),
  UNIQUE KEY `name` (`name`)
) ENGINE=InnoDB DEFAULT CHARSET=utf8mb4 COLLATE=utf8mb4_unicode_ci;
/*!40101 SET character_set_client = @saved_cs_client */;

--
-- Dumping data for table `auth_group`
--

LOCK TABLES `auth_group` WRITE;
/*!40000 ALTER TABLE `auth_group` DISABLE KEYS */;
/*!40000 ALTER TABLE `auth_group` ENABLE KEYS */;
UNLOCK TABLES;

--
-- Table structure for table `auth_group_permissions`
--

DROP TABLE IF EXISTS `auth_group_permissions`;
/*!40101 SET @saved_cs_client     = @@character_set_client */;
/*!50503 SET character_set_client = utf8mb4 */;
CREATE TABLE `auth_group_permissions` (
  `id` bigint NOT NULL AUTO_INCREMENT,
  `group_id` int NOT NULL,
  `permission_id` int NOT NULL,
  PRIMARY KEY (`id`),
  UNIQUE KEY `auth_group_permissions_group_id_permission_id_0cd325b0_uniq` (`group_id`,`permission_id`),
  KEY `auth_group_permissio_permission_id_84c5c92e_fk_auth_perm` (`permission_id`),
  CONSTRAINT `auth_group_permissio_permission_id_84c5c92e_fk_auth_perm` FOREIGN KEY (`permission_id`) REFERENCES `auth_permission` (`id`),
  CONSTRAINT `auth_group_permissions_group_id_b120cbf9_fk_auth_group_id` FOREIGN KEY (`group_id`) REFERENCES `auth_group` (`id`)
) ENGINE=InnoDB DEFAULT CHARSET=utf8mb4 COLLATE=utf8mb4_unicode_ci;
/*!40101 SET character_set_client = @saved_cs_client */;

--
-- Dumping data for table `auth_group_permissions`
--

LOCK TABLES `auth_group_permissions` WRITE;
/*!40000 ALTER TABLE `auth_group_permissions` DISABLE KEYS */;
/*!40000 ALTER TABLE `auth_group_permissions` ENABLE KEYS */;
UNLOCK TABLES;

--
-- Table structure for table `auth_permission`
--

DROP TABLE IF EXISTS `auth_permission`;
/*!40101 SET @saved_cs_client     = @@character_set_client */;
/*!50503 SET character_set_client = utf8mb4 */;
CREATE TABLE `auth_permission` (
  `id` int NOT NULL AUTO_INCREMENT,
  `name` varchar(255) COLLATE utf8mb4_unicode_ci NOT NULL,
  `content_type_id` int NOT NULL,
  `codename` varchar(100) COLLATE utf8mb4_unicode_ci NOT NULL,
  PRIMARY KEY (`id`),
  UNIQUE KEY `auth_permission_content_type_id_codename_01ab375a_uniq` (`content_type_id`,`codename`),
  CONSTRAINT `auth_permission_content_type_id_2f476e4b_fk_django_co` FOREIGN KEY (`content_type_id`) REFERENCES `django_content_type` (`id`)
) ENGINE=InnoDB AUTO_INCREMENT=81 DEFAULT CHARSET=utf8mb4 COLLATE=utf8mb4_unicode_ci;
/*!40101 SET character_set_client = @saved_cs_client */;

--
-- Dumping data for table `auth_permission`
--

LOCK TABLES `auth_permission` WRITE;
/*!40000 ALTER TABLE `auth_permission` DISABLE KEYS */;
INSERT INTO `auth_permission` VALUES (1,'Can add log entry',1,'add_logentry'),(2,'Can change log entry',1,'change_logentry'),(3,'Can delete log entry',1,'delete_logentry'),(4,'Can view log entry',1,'view_logentry'),(5,'Can add permission',2,'add_permission'),(6,'Can change permission',2,'change_permission'),(7,'Can delete permission',2,'delete_permission'),(8,'Can view permission',2,'view_permission'),(9,'Can add group',3,'add_group'),(10,'Can change group',3,'change_group'),(11,'Can delete group',3,'delete_group'),(12,'Can view group',3,'view_group'),(13,'Can add content type',4,'add_contenttype'),(14,'Can change content type',4,'change_contenttype'),(15,'Can delete content type',4,'delete_contenttype'),(16,'Can view content type',4,'view_contenttype'),(17,'Can add session',5,'add_session'),(18,'Can change session',5,'change_session'),(19,'Can delete session',5,'delete_session'),(20,'Can view session',5,'view_session'),(21,'Can add user',6,'add_user'),(22,'Can change user',6,'change_user'),(23,'Can delete user',6,'delete_user'),(24,'Can view user',6,'view_user'),(25,'Can add category',7,'add_category'),(26,'Can change category',7,'change_category'),(27,'Can delete category',7,'delete_category'),(28,'Can view category',7,'view_category'),(29,'Can add buses',8,'add_buses'),(30,'Can change buses',8,'change_buses'),(31,'Can delete buses',8,'delete_buses'),(32,'Can view buses',8,'view_buses'),(33,'Can add customer',9,'add_customer'),(34,'Can change customer',9,'change_customer'),(35,'Can delete customer',9,'delete_customer'),(36,'Can view customer',9,'view_customer'),(37,'Can add drivers',10,'add_drivers'),(38,'Can change drivers',10,'change_drivers'),(39,'Can delete drivers',10,'delete_drivers'),(40,'Can view drivers',10,'view_drivers'),(41,'Can add location',11,'add_location'),(42,'Can change location',11,'change_location'),(43,'Can delete location',11,'delete_location'),(44,'Can view location',11,'view_location'),(45,'Can add staff',12,'add_staff'),(46,'Can change staff',12,'change_staff'),(47,'Can delete staff',12,'delete_staff'),(48,'Can view staff',12,'view_staff'),(49,'Can add trips',13,'add_trips'),(50,'Can change trips',13,'change_trips'),(51,'Can delete trips',13,'delete_trips'),(52,'Can view trips',13,'view_trips'),(53,'Can add ticket',14,'add_ticket'),(54,'Can change ticket',14,'change_ticket'),(55,'Can delete ticket',14,'delete_ticket'),(56,'Can view ticket',14,'view_ticket'),(57,'Can add feed back',15,'add_feedback'),(58,'Can change feed back',15,'change_feedback'),(59,'Can delete feed back',15,'delete_feedback'),(60,'Can view feed back',15,'view_feedback'),(61,'Can add application',16,'add_application'),(62,'Can change application',16,'change_application'),(63,'Can delete application',16,'delete_application'),(64,'Can view application',16,'view_application'),(65,'Can add access token',17,'add_accesstoken'),(66,'Can change access token',17,'change_accesstoken'),(67,'Can delete access token',17,'delete_accesstoken'),(68,'Can view access token',17,'view_accesstoken'),(69,'Can add grant',18,'add_grant'),(70,'Can change grant',18,'change_grant'),(71,'Can delete grant',18,'delete_grant'),(72,'Can view grant',18,'view_grant'),(73,'Can add refresh token',19,'add_refreshtoken'),(74,'Can change refresh token',19,'change_refreshtoken'),(75,'Can delete refresh token',19,'delete_refreshtoken'),(76,'Can view refresh token',19,'view_refreshtoken'),(77,'Can add id token',20,'add_idtoken'),(78,'Can change id token',20,'change_idtoken'),(79,'Can delete id token',20,'delete_idtoken'),(80,'Can view id token',20,'view_idtoken');
/*!40000 ALTER TABLE `auth_permission` ENABLE KEYS */;
UNLOCK TABLES;

--
-- Table structure for table `django_admin_log`
--

DROP TABLE IF EXISTS `django_admin_log`;
/*!40101 SET @saved_cs_client     = @@character_set_client */;
/*!50503 SET character_set_client = utf8mb4 */;
CREATE TABLE `django_admin_log` (
  `id` int NOT NULL AUTO_INCREMENT,
  `action_time` datetime(6) NOT NULL,
  `object_id` longtext COLLATE utf8mb4_unicode_ci,
  `object_repr` varchar(200) COLLATE utf8mb4_unicode_ci NOT NULL,
  `action_flag` smallint unsigned NOT NULL,
  `change_message` longtext COLLATE utf8mb4_unicode_ci NOT NULL,
  `content_type_id` int DEFAULT NULL,
  `user_id` bigint NOT NULL,
  PRIMARY KEY (`id`),
  KEY `django_admin_log_content_type_id_c4bce8eb_fk_django_co` (`content_type_id`),
  KEY `django_admin_log_user_id_c564eba6_fk_myapp_user_id` (`user_id`),
  CONSTRAINT `django_admin_log_content_type_id_c4bce8eb_fk_django_co` FOREIGN KEY (`content_type_id`) REFERENCES `django_content_type` (`id`),
  CONSTRAINT `django_admin_log_user_id_c564eba6_fk_myapp_user_id` FOREIGN KEY (`user_id`) REFERENCES `myapp_user` (`id`),
  CONSTRAINT `django_admin_log_chk_1` CHECK ((`action_flag` >= 0))
) ENGINE=InnoDB DEFAULT CHARSET=utf8mb4 COLLATE=utf8mb4_unicode_ci;
/*!40101 SET character_set_client = @saved_cs_client */;

--
-- Dumping data for table `django_admin_log`
--

LOCK TABLES `django_admin_log` WRITE;
/*!40000 ALTER TABLE `django_admin_log` DISABLE KEYS */;
/*!40000 ALTER TABLE `django_admin_log` ENABLE KEYS */;
UNLOCK TABLES;

--
-- Table structure for table `django_content_type`
--

DROP TABLE IF EXISTS `django_content_type`;
/*!40101 SET @saved_cs_client     = @@character_set_client */;
/*!50503 SET character_set_client = utf8mb4 */;
CREATE TABLE `django_content_type` (
  `id` int NOT NULL AUTO_INCREMENT,
  `app_label` varchar(100) COLLATE utf8mb4_unicode_ci NOT NULL,
  `model` varchar(100) COLLATE utf8mb4_unicode_ci NOT NULL,
  PRIMARY KEY (`id`),
  UNIQUE KEY `django_content_type_app_label_model_76bd3d3b_uniq` (`app_label`,`model`)
) ENGINE=InnoDB AUTO_INCREMENT=21 DEFAULT CHARSET=utf8mb4 COLLATE=utf8mb4_unicode_ci;
/*!40101 SET character_set_client = @saved_cs_client */;

--
-- Dumping data for table `django_content_type`
--

LOCK TABLES `django_content_type` WRITE;
/*!40000 ALTER TABLE `django_content_type` DISABLE KEYS */;
INSERT INTO `django_content_type` VALUES (1,'admin','logentry'),(3,'auth','group'),(2,'auth','permission'),(4,'contenttypes','contenttype'),(8,'myapp','buses'),(7,'myapp','category'),(9,'myapp','customer'),(10,'myapp','drivers'),(15,'myapp','feedback'),(11,'myapp','location'),(12,'myapp','staff'),(14,'myapp','ticket'),(13,'myapp','trips'),(6,'myapp','user'),(17,'oauth2_provider','accesstoken'),(16,'oauth2_provider','application'),(18,'oauth2_provider','grant'),(20,'oauth2_provider','idtoken'),(19,'oauth2_provider','refreshtoken'),(5,'sessions','session');
/*!40000 ALTER TABLE `django_content_type` ENABLE KEYS */;
UNLOCK TABLES;

--
-- Table structure for table `django_migrations`
--

DROP TABLE IF EXISTS `django_migrations`;
/*!40101 SET @saved_cs_client     = @@character_set_client */;
/*!50503 SET character_set_client = utf8mb4 */;
CREATE TABLE `django_migrations` (
  `id` bigint NOT NULL AUTO_INCREMENT,
  `app` varchar(255) COLLATE utf8mb4_unicode_ci NOT NULL,
  `name` varchar(255) COLLATE utf8mb4_unicode_ci NOT NULL,
  `applied` datetime(6) NOT NULL,
  PRIMARY KEY (`id`)
) ENGINE=InnoDB AUTO_INCREMENT=29 DEFAULT CHARSET=utf8mb4 COLLATE=utf8mb4_unicode_ci;
/*!40101 SET character_set_client = @saved_cs_client */;

--
-- Dumping data for table `django_migrations`
--

LOCK TABLES `django_migrations` WRITE;
/*!40000 ALTER TABLE `django_migrations` DISABLE KEYS */;
INSERT INTO `django_migrations` VALUES (1,'contenttypes','0001_initial','2024-04-01 13:29:46.107067'),(2,'contenttypes','0002_remove_content_type_name','2024-04-01 13:29:46.186652'),(3,'auth','0001_initial','2024-04-01 13:29:46.522680'),(4,'auth','0002_alter_permission_name_max_length','2024-04-01 13:29:46.602989'),(5,'auth','0003_alter_user_email_max_length','2024-04-01 13:29:46.611081'),(6,'auth','0004_alter_user_username_opts','2024-04-01 13:29:46.619609'),(7,'auth','0005_alter_user_last_login_null','2024-04-01 13:29:46.629779'),(8,'auth','0006_require_contenttypes_0002','2024-04-01 13:29:46.636316'),(9,'auth','0007_alter_validators_add_error_messages','2024-04-01 13:29:46.647832'),(10,'auth','0008_alter_user_username_max_length','2024-04-01 13:29:46.656644'),(11,'auth','0009_alter_user_last_name_max_length','2024-04-01 13:29:46.666162'),(12,'auth','0010_alter_group_name_max_length','2024-04-01 13:29:46.689392'),(13,'auth','0011_update_proxy_permissions','2024-04-01 13:29:46.704492'),(14,'auth','0012_alter_user_first_name_max_length','2024-04-01 13:29:46.721033'),(15,'myapp','0001_initial','2024-04-01 13:29:48.608993'),(16,'admin','0001_initial','2024-04-01 13:29:48.787663'),(17,'admin','0002_logentry_remove_auto_add','2024-04-01 13:29:48.799715'),(18,'admin','0003_logentry_add_action_flag_choices','2024-04-01 13:29:48.811230'),(19,'myapp','0002_remove_course_category_remove_course_tags_and_more','2024-04-01 13:29:49.523962'),(20,'myapp','0003_buses_customer_drivers_location_staff_and_more','2024-04-01 13:29:50.160247'),(21,'oauth2_provider','0001_initial','2024-04-01 13:29:51.106040'),(22,'oauth2_provider','0002_auto_20190406_1805','2024-04-01 13:29:51.211619'),(23,'oauth2_provider','0003_auto_20201211_1314','2024-04-01 13:29:51.300181'),(24,'oauth2_provider','0004_auto_20200902_2022','2024-04-01 13:29:51.781835'),(25,'oauth2_provider','0005_auto_20211222_2352','2024-04-01 13:29:51.828107'),(26,'oauth2_provider','0006_alter_application_client_secret','2024-04-01 13:29:51.852790'),(27,'oauth2_provider','0007_application_post_logout_redirect_uris','2024-04-01 13:29:51.966733'),(28,'sessions','0001_initial','2024-04-01 13:29:52.016308');
/*!40000 ALTER TABLE `django_migrations` ENABLE KEYS */;
UNLOCK TABLES;

--
-- Table structure for table `django_session`
--

DROP TABLE IF EXISTS `django_session`;
/*!40101 SET @saved_cs_client     = @@character_set_client */;
/*!50503 SET character_set_client = utf8mb4 */;
CREATE TABLE `django_session` (
  `session_key` varchar(40) COLLATE utf8mb4_unicode_ci NOT NULL,
  `session_data` longtext COLLATE utf8mb4_unicode_ci NOT NULL,
  `expire_date` datetime(6) NOT NULL,
  PRIMARY KEY (`session_key`),
  KEY `django_session_expire_date_a5c62663` (`expire_date`)
) ENGINE=InnoDB DEFAULT CHARSET=utf8mb4 COLLATE=utf8mb4_unicode_ci;
/*!40101 SET character_set_client = @saved_cs_client */;

--
-- Dumping data for table `django_session`
--

LOCK TABLES `django_session` WRITE;
/*!40000 ALTER TABLE `django_session` DISABLE KEYS */;
/*!40000 ALTER TABLE `django_session` ENABLE KEYS */;
UNLOCK TABLES;

--
-- Table structure for table `myapp_buses`
--

DROP TABLE IF EXISTS `myapp_buses`;
/*!40101 SET @saved_cs_client     = @@character_set_client */;
/*!50503 SET character_set_client = utf8mb4 */;
CREATE TABLE `myapp_buses` (
  `id` bigint NOT NULL AUTO_INCREMENT,
  `created_date` date NOT NULL,
  `updated_date` date NOT NULL,
  `active` tinyint(1) NOT NULL,
  `price` decimal(10,2) NOT NULL,
  `time` bigint NOT NULL,
  `id_arrival_point_id` bigint NOT NULL,
  `id_departure_point_id` bigint NOT NULL,
  PRIMARY KEY (`id`),
  KEY `myapp_buses_id_arrival_point_id_5779e2b7_fk_myapp_location_id` (`id_arrival_point_id`),
  KEY `myapp_buses_id_departure_point_id_e458a0ff_fk_myapp_location_id` (`id_departure_point_id`),
  CONSTRAINT `myapp_buses_id_arrival_point_id_5779e2b7_fk_myapp_location_id` FOREIGN KEY (`id_arrival_point_id`) REFERENCES `myapp_location` (`id`),
  CONSTRAINT `myapp_buses_id_departure_point_id_e458a0ff_fk_myapp_location_id` FOREIGN KEY (`id_departure_point_id`) REFERENCES `myapp_location` (`id`)
) ENGINE=InnoDB DEFAULT CHARSET=utf8mb4 COLLATE=utf8mb4_unicode_ci;
/*!40101 SET character_set_client = @saved_cs_client */;

--
-- Dumping data for table `myapp_buses`
--

LOCK TABLES `myapp_buses` WRITE;
/*!40000 ALTER TABLE `myapp_buses` DISABLE KEYS */;
/*!40000 ALTER TABLE `myapp_buses` ENABLE KEYS */;
UNLOCK TABLES;

--
-- Table structure for table `myapp_category`
--

DROP TABLE IF EXISTS `myapp_category`;
/*!40101 SET @saved_cs_client     = @@character_set_client */;
/*!50503 SET character_set_client = utf8mb4 */;
CREATE TABLE `myapp_category` (
  `id` bigint NOT NULL AUTO_INCREMENT,
  `created_date` date NOT NULL,
  `updated_date` date NOT NULL,
  `name` varchar(50) COLLATE utf8mb4_unicode_ci NOT NULL,
  PRIMARY KEY (`id`)
) ENGINE=InnoDB DEFAULT CHARSET=utf8mb4 COLLATE=utf8mb4_unicode_ci;
/*!40101 SET character_set_client = @saved_cs_client */;

--
-- Dumping data for table `myapp_category`
--

LOCK TABLES `myapp_category` WRITE;
/*!40000 ALTER TABLE `myapp_category` DISABLE KEYS */;
/*!40000 ALTER TABLE `myapp_category` ENABLE KEYS */;
UNLOCK TABLES;

--
-- Table structure for table `myapp_customer`
--

DROP TABLE IF EXISTS `myapp_customer`;
/*!40101 SET @saved_cs_client     = @@character_set_client */;
/*!50503 SET character_set_client = utf8mb4 */;
CREATE TABLE `myapp_customer` (
  `id` bigint NOT NULL AUTO_INCREMENT,
  `created_date` date NOT NULL,
  `updated_date` date NOT NULL,
  `name` varchar(50) COLLATE utf8mb4_unicode_ci NOT NULL,
  PRIMARY KEY (`id`)
) ENGINE=InnoDB DEFAULT CHARSET=utf8mb4 COLLATE=utf8mb4_unicode_ci;
/*!40101 SET character_set_client = @saved_cs_client */;

--
-- Dumping data for table `myapp_customer`
--

LOCK TABLES `myapp_customer` WRITE;
/*!40000 ALTER TABLE `myapp_customer` DISABLE KEYS */;
/*!40000 ALTER TABLE `myapp_customer` ENABLE KEYS */;
UNLOCK TABLES;

--
-- Table structure for table `myapp_drivers`
--

DROP TABLE IF EXISTS `myapp_drivers`;
/*!40101 SET @saved_cs_client     = @@character_set_client */;
/*!50503 SET character_set_client = utf8mb4 */;
CREATE TABLE `myapp_drivers` (
  `id` bigint NOT NULL AUTO_INCREMENT,
  `created_date` date NOT NULL,
  `updated_date` date NOT NULL,
  `name` varchar(50) COLLATE utf8mb4_unicode_ci NOT NULL,
  PRIMARY KEY (`id`)
) ENGINE=InnoDB DEFAULT CHARSET=utf8mb4 COLLATE=utf8mb4_unicode_ci;
/*!40101 SET character_set_client = @saved_cs_client */;

--
-- Dumping data for table `myapp_drivers`
--

LOCK TABLES `myapp_drivers` WRITE;
/*!40000 ALTER TABLE `myapp_drivers` DISABLE KEYS */;
/*!40000 ALTER TABLE `myapp_drivers` ENABLE KEYS */;
UNLOCK TABLES;

--
-- Table structure for table `myapp_feedback`
--

DROP TABLE IF EXISTS `myapp_feedback`;
/*!40101 SET @saved_cs_client     = @@character_set_client */;
/*!50503 SET character_set_client = utf8mb4 */;
CREATE TABLE `myapp_feedback` (
  `id` bigint NOT NULL AUTO_INCREMENT,
  `created_date` date NOT NULL,
  `updated_date` date NOT NULL,
  `customer_name` varchar(255) COLLATE utf8mb4_unicode_ci NOT NULL,
  `content` longtext COLLATE utf8mb4_unicode_ci NOT NULL,
  `rating` int NOT NULL,
  `trip_id` bigint NOT NULL,
  PRIMARY KEY (`id`),
  KEY `myapp_feedback_trip_id_090b882d_fk_myapp_trips_id` (`trip_id`),
  CONSTRAINT `myapp_feedback_trip_id_090b882d_fk_myapp_trips_id` FOREIGN KEY (`trip_id`) REFERENCES `myapp_trips` (`id`)
) ENGINE=InnoDB DEFAULT CHARSET=utf8mb4 COLLATE=utf8mb4_unicode_ci;
/*!40101 SET character_set_client = @saved_cs_client */;

--
-- Dumping data for table `myapp_feedback`
--

LOCK TABLES `myapp_feedback` WRITE;
/*!40000 ALTER TABLE `myapp_feedback` DISABLE KEYS */;
/*!40000 ALTER TABLE `myapp_feedback` ENABLE KEYS */;
UNLOCK TABLES;

--
-- Table structure for table `myapp_location`
--

DROP TABLE IF EXISTS `myapp_location`;
/*!40101 SET @saved_cs_client     = @@character_set_client */;
/*!50503 SET character_set_client = utf8mb4 */;
CREATE TABLE `myapp_location` (
  `id` bigint NOT NULL AUTO_INCREMENT,
  `created_date` date NOT NULL,
  `updated_date` date NOT NULL,
  `name` varchar(50) COLLATE utf8mb4_unicode_ci NOT NULL,
  PRIMARY KEY (`id`)
) ENGINE=InnoDB DEFAULT CHARSET=utf8mb4 COLLATE=utf8mb4_unicode_ci;
/*!40101 SET character_set_client = @saved_cs_client */;

--
-- Dumping data for table `myapp_location`
--

LOCK TABLES `myapp_location` WRITE;
/*!40000 ALTER TABLE `myapp_location` DISABLE KEYS */;
/*!40000 ALTER TABLE `myapp_location` ENABLE KEYS */;
UNLOCK TABLES;

--
-- Table structure for table `myapp_staff`
--

DROP TABLE IF EXISTS `myapp_staff`;
/*!40101 SET @saved_cs_client     = @@character_set_client */;
/*!50503 SET character_set_client = utf8mb4 */;
CREATE TABLE `myapp_staff` (
  `id` bigint NOT NULL AUTO_INCREMENT,
  `created_date` date NOT NULL,
  `updated_date` date NOT NULL,
  `name` varchar(50) COLLATE utf8mb4_unicode_ci NOT NULL,
  PRIMARY KEY (`id`)
) ENGINE=InnoDB DEFAULT CHARSET=utf8mb4 COLLATE=utf8mb4_unicode_ci;
/*!40101 SET character_set_client = @saved_cs_client */;

--
-- Dumping data for table `myapp_staff`
--

LOCK TABLES `myapp_staff` WRITE;
/*!40000 ALTER TABLE `myapp_staff` DISABLE KEYS */;
/*!40000 ALTER TABLE `myapp_staff` ENABLE KEYS */;
UNLOCK TABLES;

--
-- Table structure for table `myapp_ticket`
--

DROP TABLE IF EXISTS `myapp_ticket`;
/*!40101 SET @saved_cs_client     = @@character_set_client */;
/*!50503 SET character_set_client = utf8mb4 */;
CREATE TABLE `myapp_ticket` (
  `id` bigint NOT NULL AUTO_INCREMENT,
  `created_date` date NOT NULL,
  `updated_date` date NOT NULL,
  `customer_name` varchar(255) COLLATE utf8mb4_unicode_ci NOT NULL,
  `quantity_ticket` int unsigned NOT NULL,
  `price` decimal(10,2) NOT NULL,
  `booking_date` date NOT NULL,
  `trip_id` bigint NOT NULL,
  PRIMARY KEY (`id`),
  KEY `myapp_ticket_trip_id_ff052bbf_fk_myapp_trips_id` (`trip_id`),
  CONSTRAINT `myapp_ticket_trip_id_ff052bbf_fk_myapp_trips_id` FOREIGN KEY (`trip_id`) REFERENCES `myapp_trips` (`id`),
  CONSTRAINT `myapp_ticket_chk_1` CHECK ((`quantity_ticket` >= 0))
) ENGINE=InnoDB DEFAULT CHARSET=utf8mb4 COLLATE=utf8mb4_unicode_ci;
/*!40101 SET character_set_client = @saved_cs_client */;

--
-- Dumping data for table `myapp_ticket`
--

LOCK TABLES `myapp_ticket` WRITE;
/*!40000 ALTER TABLE `myapp_ticket` DISABLE KEYS */;
/*!40000 ALTER TABLE `myapp_ticket` ENABLE KEYS */;
UNLOCK TABLES;

--
-- Table structure for table `myapp_trips`
--

DROP TABLE IF EXISTS `myapp_trips`;
/*!40101 SET @saved_cs_client     = @@character_set_client */;
/*!50503 SET character_set_client = utf8mb4 */;
CREATE TABLE `myapp_trips` (
  `id` bigint NOT NULL AUTO_INCREMENT,
  `created_date` date NOT NULL,
  `updated_date` date NOT NULL,
  `departure_date` date NOT NULL,
  `departure_time` time(6) NOT NULL,
  `price` decimal(10,2) NOT NULL,
  `bus_id` bigint NOT NULL,
  `driver_id` bigint NOT NULL,
  PRIMARY KEY (`id`),
  UNIQUE KEY `myapp_trips_bus_id_departure_date_departure_time_6920d505_uniq` (`bus_id`,`departure_date`,`departure_time`),
  KEY `myapp_trips_driver_id_004e9a2c_fk_myapp_drivers_id` (`driver_id`),
  CONSTRAINT `myapp_trips_bus_id_94d7b691_fk_myapp_buses_id` FOREIGN KEY (`bus_id`) REFERENCES `myapp_buses` (`id`),
  CONSTRAINT `myapp_trips_driver_id_004e9a2c_fk_myapp_drivers_id` FOREIGN KEY (`driver_id`) REFERENCES `myapp_drivers` (`id`)
) ENGINE=InnoDB DEFAULT CHARSET=utf8mb4 COLLATE=utf8mb4_unicode_ci;
/*!40101 SET character_set_client = @saved_cs_client */;

--
-- Dumping data for table `myapp_trips`
--

LOCK TABLES `myapp_trips` WRITE;
/*!40000 ALTER TABLE `myapp_trips` DISABLE KEYS */;
/*!40000 ALTER TABLE `myapp_trips` ENABLE KEYS */;
UNLOCK TABLES;

--
-- Table structure for table `myapp_user`
--

DROP TABLE IF EXISTS `myapp_user`;
/*!40101 SET @saved_cs_client     = @@character_set_client */;
/*!50503 SET character_set_client = utf8mb4 */;
CREATE TABLE `myapp_user` (
  `id` bigint NOT NULL AUTO_INCREMENT,
  `password` varchar(128) COLLATE utf8mb4_unicode_ci NOT NULL,
  `last_login` datetime(6) DEFAULT NULL,
  `is_superuser` tinyint(1) NOT NULL,
  `username` varchar(150) COLLATE utf8mb4_unicode_ci NOT NULL,
  `first_name` varchar(150) COLLATE utf8mb4_unicode_ci NOT NULL,
  `last_name` varchar(150) COLLATE utf8mb4_unicode_ci NOT NULL,
  `email` varchar(254) COLLATE utf8mb4_unicode_ci NOT NULL,
  `is_staff` tinyint(1) NOT NULL,
  `is_active` tinyint(1) NOT NULL,
  `date_joined` datetime(6) NOT NULL,
  `avatar` varchar(255) COLLATE utf8mb4_unicode_ci DEFAULT NULL,
  PRIMARY KEY (`id`),
  UNIQUE KEY `username` (`username`)
) ENGINE=InnoDB DEFAULT CHARSET=utf8mb4 COLLATE=utf8mb4_unicode_ci;
/*!40101 SET character_set_client = @saved_cs_client */;

--
-- Dumping data for table `myapp_user`
--

LOCK TABLES `myapp_user` WRITE;
/*!40000 ALTER TABLE `myapp_user` DISABLE KEYS */;
/*!40000 ALTER TABLE `myapp_user` ENABLE KEYS */;
UNLOCK TABLES;

--
-- Table structure for table `myapp_user_groups`
--

DROP TABLE IF EXISTS `myapp_user_groups`;
/*!40101 SET @saved_cs_client     = @@character_set_client */;
/*!50503 SET character_set_client = utf8mb4 */;
CREATE TABLE `myapp_user_groups` (
  `id` bigint NOT NULL AUTO_INCREMENT,
  `user_id` bigint NOT NULL,
  `group_id` int NOT NULL,
  PRIMARY KEY (`id`),
  UNIQUE KEY `myapp_user_groups_user_id_group_id_1ef5feb7_uniq` (`user_id`,`group_id`),
  KEY `myapp_user_groups_group_id_488eb0fb_fk_auth_group_id` (`group_id`),
  CONSTRAINT `myapp_user_groups_group_id_488eb0fb_fk_auth_group_id` FOREIGN KEY (`group_id`) REFERENCES `auth_group` (`id`),
  CONSTRAINT `myapp_user_groups_user_id_925f87c5_fk_myapp_user_id` FOREIGN KEY (`user_id`) REFERENCES `myapp_user` (`id`)
) ENGINE=InnoDB DEFAULT CHARSET=utf8mb4 COLLATE=utf8mb4_unicode_ci;
/*!40101 SET character_set_client = @saved_cs_client */;

--
-- Dumping data for table `myapp_user_groups`
--

LOCK TABLES `myapp_user_groups` WRITE;
/*!40000 ALTER TABLE `myapp_user_groups` DISABLE KEYS */;
/*!40000 ALTER TABLE `myapp_user_groups` ENABLE KEYS */;
UNLOCK TABLES;

--
-- Table structure for table `myapp_user_user_permissions`
--

DROP TABLE IF EXISTS `myapp_user_user_permissions`;
/*!40101 SET @saved_cs_client     = @@character_set_client */;
/*!50503 SET character_set_client = utf8mb4 */;
CREATE TABLE `myapp_user_user_permissions` (
  `id` bigint NOT NULL AUTO_INCREMENT,
  `user_id` bigint NOT NULL,
  `permission_id` int NOT NULL,
  PRIMARY KEY (`id`),
  UNIQUE KEY `myapp_user_user_permissions_user_id_permission_id_13102f46_uniq` (`user_id`,`permission_id`),
  KEY `myapp_user_user_perm_permission_id_4657f93a_fk_auth_perm` (`permission_id`),
  CONSTRAINT `myapp_user_user_perm_permission_id_4657f93a_fk_auth_perm` FOREIGN KEY (`permission_id`) REFERENCES `auth_permission` (`id`),
  CONSTRAINT `myapp_user_user_permissions_user_id_3f0ef5c3_fk_myapp_user_id` FOREIGN KEY (`user_id`) REFERENCES `myapp_user` (`id`)
) ENGINE=InnoDB DEFAULT CHARSET=utf8mb4 COLLATE=utf8mb4_unicode_ci;
/*!40101 SET character_set_client = @saved_cs_client */;

--
-- Dumping data for table `myapp_user_user_permissions`
--

LOCK TABLES `myapp_user_user_permissions` WRITE;
/*!40000 ALTER TABLE `myapp_user_user_permissions` DISABLE KEYS */;
/*!40000 ALTER TABLE `myapp_user_user_permissions` ENABLE KEYS */;
UNLOCK TABLES;

--
-- Table structure for table `oauth2_provider_accesstoken`
--

DROP TABLE IF EXISTS `oauth2_provider_accesstoken`;
/*!40101 SET @saved_cs_client     = @@character_set_client */;
/*!50503 SET character_set_client = utf8mb4 */;
CREATE TABLE `oauth2_provider_accesstoken` (
  `id` bigint NOT NULL AUTO_INCREMENT,
  `token` varchar(255) COLLATE utf8mb4_unicode_ci NOT NULL,
  `expires` datetime(6) NOT NULL,
  `scope` longtext COLLATE utf8mb4_unicode_ci NOT NULL,
  `application_id` bigint DEFAULT NULL,
  `user_id` bigint DEFAULT NULL,
  `created` datetime(6) NOT NULL,
  `updated` datetime(6) NOT NULL,
  `source_refresh_token_id` bigint DEFAULT NULL,
  `id_token_id` bigint DEFAULT NULL,
  PRIMARY KEY (`id`),
  UNIQUE KEY `token` (`token`),
  UNIQUE KEY `source_refresh_token_id` (`source_refresh_token_id`),
  UNIQUE KEY `id_token_id` (`id_token_id`),
  KEY `oauth2_provider_acce_application_id_b22886e1_fk_oauth2_pr` (`application_id`),
  KEY `oauth2_provider_accesstoken_user_id_6e4c9a65_fk_myapp_user_id` (`user_id`),
  CONSTRAINT `oauth2_provider_acce_application_id_b22886e1_fk_oauth2_pr` FOREIGN KEY (`application_id`) REFERENCES `oauth2_provider_application` (`id`),
  CONSTRAINT `oauth2_provider_acce_id_token_id_85db651b_fk_oauth2_pr` FOREIGN KEY (`id_token_id`) REFERENCES `oauth2_provider_idtoken` (`id`),
  CONSTRAINT `oauth2_provider_acce_source_refresh_token_e66fbc72_fk_oauth2_pr` FOREIGN KEY (`source_refresh_token_id`) REFERENCES `oauth2_provider_refreshtoken` (`id`),
  CONSTRAINT `oauth2_provider_accesstoken_user_id_6e4c9a65_fk_myapp_user_id` FOREIGN KEY (`user_id`) REFERENCES `myapp_user` (`id`)
) ENGINE=InnoDB DEFAULT CHARSET=utf8mb4 COLLATE=utf8mb4_unicode_ci;
/*!40101 SET character_set_client = @saved_cs_client */;

--
-- Dumping data for table `oauth2_provider_accesstoken`
--

LOCK TABLES `oauth2_provider_accesstoken` WRITE;
/*!40000 ALTER TABLE `oauth2_provider_accesstoken` DISABLE KEYS */;
/*!40000 ALTER TABLE `oauth2_provider_accesstoken` ENABLE KEYS */;
UNLOCK TABLES;

--
-- Table structure for table `oauth2_provider_application`
--

DROP TABLE IF EXISTS `oauth2_provider_application`;
/*!40101 SET @saved_cs_client     = @@character_set_client */;
/*!50503 SET character_set_client = utf8mb4 */;
CREATE TABLE `oauth2_provider_application` (
  `id` bigint NOT NULL AUTO_INCREMENT,
  `client_id` varchar(100) COLLATE utf8mb4_unicode_ci NOT NULL,
  `redirect_uris` longtext COLLATE utf8mb4_unicode_ci NOT NULL,
  `client_type` varchar(32) COLLATE utf8mb4_unicode_ci NOT NULL,
  `authorization_grant_type` varchar(32) COLLATE utf8mb4_unicode_ci NOT NULL,
  `client_secret` varchar(255) COLLATE utf8mb4_unicode_ci NOT NULL,
  `name` varchar(255) COLLATE utf8mb4_unicode_ci NOT NULL,
  `user_id` bigint DEFAULT NULL,
  `skip_authorization` tinyint(1) NOT NULL,
  `created` datetime(6) NOT NULL,
  `updated` datetime(6) NOT NULL,
  `algorithm` varchar(5) COLLATE utf8mb4_unicode_ci NOT NULL,
  `post_logout_redirect_uris` longtext COLLATE utf8mb4_unicode_ci NOT NULL DEFAULT (_utf8mb3''),
  PRIMARY KEY (`id`),
  UNIQUE KEY `client_id` (`client_id`),
  KEY `oauth2_provider_application_user_id_79829054_fk_myapp_user_id` (`user_id`),
  KEY `oauth2_provider_application_client_secret_53133678` (`client_secret`),
  CONSTRAINT `oauth2_provider_application_user_id_79829054_fk_myapp_user_id` FOREIGN KEY (`user_id`) REFERENCES `myapp_user` (`id`)
) ENGINE=InnoDB DEFAULT CHARSET=utf8mb4 COLLATE=utf8mb4_unicode_ci;
/*!40101 SET character_set_client = @saved_cs_client */;

--
-- Dumping data for table `oauth2_provider_application`
--

LOCK TABLES `oauth2_provider_application` WRITE;
/*!40000 ALTER TABLE `oauth2_provider_application` DISABLE KEYS */;
/*!40000 ALTER TABLE `oauth2_provider_application` ENABLE KEYS */;
UNLOCK TABLES;

--
-- Table structure for table `oauth2_provider_grant`
--

DROP TABLE IF EXISTS `oauth2_provider_grant`;
/*!40101 SET @saved_cs_client     = @@character_set_client */;
/*!50503 SET character_set_client = utf8mb4 */;
CREATE TABLE `oauth2_provider_grant` (
  `id` bigint NOT NULL AUTO_INCREMENT,
  `code` varchar(255) COLLATE utf8mb4_unicode_ci NOT NULL,
  `expires` datetime(6) NOT NULL,
  `redirect_uri` longtext COLLATE utf8mb4_unicode_ci NOT NULL,
  `scope` longtext COLLATE utf8mb4_unicode_ci NOT NULL,
  `application_id` bigint NOT NULL,
  `user_id` bigint NOT NULL,
  `created` datetime(6) NOT NULL,
  `updated` datetime(6) NOT NULL,
  `code_challenge` varchar(128) COLLATE utf8mb4_unicode_ci NOT NULL,
  `code_challenge_method` varchar(10) COLLATE utf8mb4_unicode_ci NOT NULL,
  `nonce` varchar(255) COLLATE utf8mb4_unicode_ci NOT NULL,
  `claims` longtext COLLATE utf8mb4_unicode_ci NOT NULL DEFAULT (_utf8mb3''),
  PRIMARY KEY (`id`),
  UNIQUE KEY `code` (`code`),
  KEY `oauth2_provider_gran_application_id_81923564_fk_oauth2_pr` (`application_id`),
  KEY `oauth2_provider_grant_user_id_e8f62af8_fk_myapp_user_id` (`user_id`),
  CONSTRAINT `oauth2_provider_gran_application_id_81923564_fk_oauth2_pr` FOREIGN KEY (`application_id`) REFERENCES `oauth2_provider_application` (`id`),
  CONSTRAINT `oauth2_provider_grant_user_id_e8f62af8_fk_myapp_user_id` FOREIGN KEY (`user_id`) REFERENCES `myapp_user` (`id`)
) ENGINE=InnoDB DEFAULT CHARSET=utf8mb4 COLLATE=utf8mb4_unicode_ci;
/*!40101 SET character_set_client = @saved_cs_client */;

--
-- Dumping data for table `oauth2_provider_grant`
--

LOCK TABLES `oauth2_provider_grant` WRITE;
/*!40000 ALTER TABLE `oauth2_provider_grant` DISABLE KEYS */;
/*!40000 ALTER TABLE `oauth2_provider_grant` ENABLE KEYS */;
UNLOCK TABLES;

--
-- Table structure for table `oauth2_provider_idtoken`
--

DROP TABLE IF EXISTS `oauth2_provider_idtoken`;
/*!40101 SET @saved_cs_client     = @@character_set_client */;
/*!50503 SET character_set_client = utf8mb4 */;
CREATE TABLE `oauth2_provider_idtoken` (
  `id` bigint NOT NULL AUTO_INCREMENT,
  `jti` char(32) COLLATE utf8mb4_unicode_ci NOT NULL,
  `expires` datetime(6) NOT NULL,
  `scope` longtext COLLATE utf8mb4_unicode_ci NOT NULL,
  `created` datetime(6) NOT NULL,
  `updated` datetime(6) NOT NULL,
  `application_id` bigint DEFAULT NULL,
  `user_id` bigint DEFAULT NULL,
  PRIMARY KEY (`id`),
  UNIQUE KEY `jti` (`jti`),
  KEY `oauth2_provider_idto_application_id_08c5ff4f_fk_oauth2_pr` (`application_id`),
  KEY `oauth2_provider_idtoken_user_id_dd512b59_fk_myapp_user_id` (`user_id`),
  CONSTRAINT `oauth2_provider_idto_application_id_08c5ff4f_fk_oauth2_pr` FOREIGN KEY (`application_id`) REFERENCES `oauth2_provider_application` (`id`),
  CONSTRAINT `oauth2_provider_idtoken_user_id_dd512b59_fk_myapp_user_id` FOREIGN KEY (`user_id`) REFERENCES `myapp_user` (`id`)
) ENGINE=InnoDB DEFAULT CHARSET=utf8mb4 COLLATE=utf8mb4_unicode_ci;
/*!40101 SET character_set_client = @saved_cs_client */;

--
-- Dumping data for table `oauth2_provider_idtoken`
--

LOCK TABLES `oauth2_provider_idtoken` WRITE;
/*!40000 ALTER TABLE `oauth2_provider_idtoken` DISABLE KEYS */;
/*!40000 ALTER TABLE `oauth2_provider_idtoken` ENABLE KEYS */;
UNLOCK TABLES;

--
-- Table structure for table `oauth2_provider_refreshtoken`
--

DROP TABLE IF EXISTS `oauth2_provider_refreshtoken`;
/*!40101 SET @saved_cs_client     = @@character_set_client */;
/*!50503 SET character_set_client = utf8mb4 */;
CREATE TABLE `oauth2_provider_refreshtoken` (
  `id` bigint NOT NULL AUTO_INCREMENT,
  `token` varchar(255) COLLATE utf8mb4_unicode_ci NOT NULL,
  `access_token_id` bigint DEFAULT NULL,
  `application_id` bigint NOT NULL,
  `user_id` bigint NOT NULL,
  `created` datetime(6) NOT NULL,
  `updated` datetime(6) NOT NULL,
  `revoked` datetime(6) DEFAULT NULL,
  PRIMARY KEY (`id`),
  UNIQUE KEY `access_token_id` (`access_token_id`),
  UNIQUE KEY `oauth2_provider_refreshtoken_token_revoked_af8a5134_uniq` (`token`,`revoked`),
  KEY `oauth2_provider_refr_application_id_2d1c311b_fk_oauth2_pr` (`application_id`),
  KEY `oauth2_provider_refreshtoken_user_id_da837fce_fk_myapp_user_id` (`user_id`),
  CONSTRAINT `oauth2_provider_refr_access_token_id_775e84e8_fk_oauth2_pr` FOREIGN KEY (`access_token_id`) REFERENCES `oauth2_provider_accesstoken` (`id`),
  CONSTRAINT `oauth2_provider_refr_application_id_2d1c311b_fk_oauth2_pr` FOREIGN KEY (`application_id`) REFERENCES `oauth2_provider_application` (`id`),
  CONSTRAINT `oauth2_provider_refreshtoken_user_id_da837fce_fk_myapp_user_id` FOREIGN KEY (`user_id`) REFERENCES `myapp_user` (`id`)
) ENGINE=InnoDB DEFAULT CHARSET=utf8mb4 COLLATE=utf8mb4_unicode_ci;
/*!40101 SET character_set_client = @saved_cs_client */;

--
-- Dumping data for table `oauth2_provider_refreshtoken`
--

LOCK TABLES `oauth2_provider_refreshtoken` WRITE;
/*!40000 ALTER TABLE `oauth2_provider_refreshtoken` DISABLE KEYS */;
/*!40000 ALTER TABLE `oauth2_provider_refreshtoken` ENABLE KEYS */;
UNLOCK TABLES;
/*!40103 SET TIME_ZONE=@OLD_TIME_ZONE */;

/*!40101 SET SQL_MODE=@OLD_SQL_MODE */;
/*!40014 SET FOREIGN_KEY_CHECKS=@OLD_FOREIGN_KEY_CHECKS */;
/*!40014 SET UNIQUE_CHECKS=@OLD_UNIQUE_CHECKS */;
/*!40101 SET CHARACTER_SET_CLIENT=@OLD_CHARACTER_SET_CLIENT */;
/*!40101 SET CHARACTER_SET_RESULTS=@OLD_CHARACTER_SET_RESULTS */;
/*!40101 SET COLLATION_CONNECTION=@OLD_COLLATION_CONNECTION */;
/*!40111 SET SQL_NOTES=@OLD_SQL_NOTES */;

-- Dump completed on 2024-04-01 20:34:29
